pokeapi_id,pokedex_number,slug,name_en,source_url
10,10,caterpie,Caterpie,https://pokeapi.co/api/v2/pokemon-species/10/
11,11,metapod,Metapod,https://pokeapi.co/api/v2/pokemon-species/11/
12,12,butterfree,Butterfree,https://pokeapi.co/api/v2/pokemon-species/12/
13,13,weedle,Weedle,https://pokeapi.co/api/v2/pokemon-species/13/
14,14,kakuna,Kakuna,https://pokeapi.co/api/v2/pokemon-species/14/
15,15,beedrill,Beedrill,https://pokeapi.co/api/v2/pokemon-species/15/
16,16,pidgey,Pidgey,https://pokeapi.co/api/v2/pokemon-species/16/
17,17,pidgeotto,Pidgeotto,https://pokeapi.co/api/v2/pokemon-species/17/
18,18,pidgeot,Pidgeot,https://pokeapi.co/api/v2/pokemon-species/18/
19,19,rattata,Rattata,https://pokeapi.co/api/v2/pokemon-species/19/
20,20,raticate,Raticate,https://pokeapi.co/api/v2/pokemon-species/20/
21,21,spearow,Spearow,https://pokeapi.co/api/v2/pokemon-species/21/
22,22,fearow,Fearow,https://pokeapi.co/api/v2/pokemon-species/22/
23,23,ekans,Ekans,https://pokeapi.co/api/v2/pokemon-species/23/
24,24,arbok,Arbok,https://pokeapi.co/api/v2/pokemon-species/24/
25,25,pikachu,Pikachu,https://pokeapi.co/api/v2/pokemon-species/25/
26,26,raichu,Raichu,https://pokeapi.co/api/v2/pokemon-species/26/
27,27,sandshrew,Sandshrew,https://pokeapi.co/api/v2/pokemon-species/27/
28,28,sandslash,Sandslash,https://pokeapi.co/api/v2/pokemon-species/28/
29,29,nidoran-f,Nidoran F,https://pokeapi.co/api/v2/pokemon-species/29/
30,30,nidorina,Nidorina,https://pokeapi.co/api/v2/pokemon-species/30/
31,31,nidoqueen,Nidoqueen,https://pokeapi.co/api/v2/pokemon-species/31/
32,32,nidoran-m,Nidoran M,https://pokeapi.co/api/v2/pokemon-species/32/
33,33,nidorino,Nidorino,https://pokeapi.co/api/v2/pokemon-species/33/
34,34,nidoking,Nidoking,https://pokeapi.co/api/v2/pokemon-species/34/
35,35,clefairy,Clefairy,https://pokeapi.co/api/v2/pokemon-species/35/
36,36,clefable,Clefable,https://pokeapi.co/api/v2/pokemon-species/36/
37,37,vulpix,Vulpix,https://pokeapi.co/api/v2/pokemon-species/37/
38,38,ninetales,Ninetales,https://pokeapi.co/api/v2/pokemon-species/38/
39,39,jigglypuff,Jigglypuff,https://pokeapi.co/api/v2/pokemon-species/39/
40,40,wigglytuff,Wigglytuff,https://pokeapi.co/api/v2/pokemon-species/40/
41,41,zubat,Zubat,https://pokeapi.co/api/v2/pokemon-species/41/
42,42,golbat,Golbat,https://pokeapi.co/api/v2/pokemon-species/42/
43,43,oddish,Oddish,https://pokeapi.co/api/v2/pokemon-species/43/
44,44,gloom,Gloom,https://pokeapi.co/api/v2/pokemon-species/44/
45,45,vileplume,Vileplume,https://pokeapi.co/api/v2/pokemon-species/45/
46,46,paras,Paras,https://pokeapi.co/api/v2/pokemon-species/46/
47,47,parasect,Parasect,https://pokeapi.co/api/v2/pokemon-species/47/
48,48,venonat,Venonat,https://pokeapi.co/api/v2/pokemon-species/48/
49,49,venomoth,Venomoth,https://pokeapi.co/api/v2/pokemon-species/49/
50,50,diglett,Diglett,https://pokeapi.co/api/v2/pokemon-species/50/
51,51,dugtrio,Dugtrio,https://pokeapi.co/api/v2/pokemon-species/51/
52,52,meowth,Meowth,https://pokeapi.co/api/v2/pokemon-species/52/
53,53,persian,Persian,https://pokeapi.co/api/v2/pokemon-species/53/
54,54,psyduck,Psyduck,https://pokeapi.co/api/v2/pokemon-species/54/
55,55,golduck,Golduck,https://pokeapi.co/api/v2/pokemon-species/55/
56,56,mankey,Mankey,https://pokeapi.co/api/v2/pokemon-species/56/
57,57,primeape,Primeape,https://pokeapi.co/api/v2/pokemon-species/57/
58,58,growlithe,Growlithe,https://pokeapi.co/api/v2/pokemon-species/58/
59,59,arcanine,Arcanine,https://pokeapi.co/api/v2/pokemon-species/59/
60,60,poliwag,Poliwag,https://pokeapi.co/api/v2/pokemon-species/60/
61,61,poliwhirl,Poliwhirl,https://pokeapi.co/api/v2/pokemon-species/61/
62,62,poliwrath,Poliwrath,https://pokeapi.co/api/v2/pokemon-species/62/
63,63,abra,Abra,https://pokeapi.co/api/v2/pokemon-species/63/
64,64,kadabra,Kadabra,https://pokeapi.co/api/v2/pokemon-species/64/
65,65,alakazam,Alakazam,https://pokeapi.co/api/v2/pokemon-species/65/
66,66,machop,Machop,https://pokeapi.co/api/v2/pokemon-species/66/
67,67,machoke,Machoke,https://pokeapi.co/api/v2/pokemon-species/67/
68,68,machamp,Machamp,https://pokeapi.co/api/v2/pokemon-species/68/
69,69,bellsprout,Bellsprout,https://pokeapi.co/api/v2/pokemon-species/69/
70,70,weepinbell,Weepinbell,https://pokeapi.co/api/v2/pokemon-species/70/
71,71,victreebel,Victreebel,https://pokeapi.co/api/v2/pokemon-species/71/
72,72,tentacool,Tentacool,https://pokeapi.co/api/v2/pokemon-species/72/
73,73,tentacruel,Tentacruel,https://pokeapi.co/api/v2/pokemon-species/73/
74,74,geodude,Geodude,https://pokeapi.co/api/v2/pokemon-species/74/
75,75,graveler,Graveler,https://pokeapi.co/api/v2/pokemon-species/75/
76,76,golem,Golem,https://pokeapi.co/api/v2/pokemon-species/76/
77,77,ponyta,Ponyta,https://pokeapi.co/api/v2/pokemon-species/77/
78,78,rapidash,Rapidash,https://pokeapi.co/api/v2/pokemon-species/78/
79,79,slowpoke,Slowpoke,https://pokeapi.co/api/v2/pokemon-species/79/
80,80,slowbro,Slowbro,https://pokeapi.co/api/v2/pokemon-species/80/
81,81,magnemite,Magnemite,https://pokeapi.co/api/v2/pokemon-species/81/
82,82,magneton,Magneton,https://pokeapi.co/api/v2/pokemon-species/82/
83,83,farfetchd,Farfetchd,https://pokeapi.co/api/v2/pokemon-species/83/
84,84,doduo,Doduo,https://pokeapi.co/api/v2/pokemon-species/84/
85,85,dodrio,Dodrio,https://pokeapi.co/api/v2/pokemon-species/85/
86,86,seel,Seel,https://pokeapi.co/api/v2/pokemon-species/86/
87,87,dewgong,Dewgong,https://pokeapi.co/api/v2/pokemon-species/87/
88,88,grimer,Grimer,https://pokeapi.co/api/v2/pokemon-species/88/
89,89,muk,Muk,https://pokeapi.co/api/v2/pokemon-species/89/
90,90,shellder,Shellder,https://pokeapi.co/api/v2/pokemon-species/90/
91,91,cloyster,Cloyster,https://pokeapi.co/api/v2/pokemon-species/91/
92,92,gastly,Gastly,https://pokeapi.co/api/v2/pokemon-species/92/
93,93,haunter,Haunter,https://pokeapi.co/api/v2/pokemon-species/93/
94,94,gengar,Gengar,https://pokeapi.co/api/v2/pokemon-species/94/
95,95,onix,Onix,https://pokeapi.co/api/v2/pokemon-species/95/
96,96,drowzee,Drowzee,https://pokeapi.co/api/v2/pokemon-species/96/
97,97,hypno,Hypno,https://pokeapi.co/api/v2/pokemon-species/97/
98,98,krabby,Krabby,https://pokeapi.co/api/v2/pokemon-species/98/
99,99,kingler,Kingler,https://pokeapi.co/api/v2/pokemon-species/99/
100,100,voltorb,Voltorb,https://pokeapi.co/api/v2/pokemon-species/100/
101,101,electrode,Electrode,https://pokeapi.co/api/v2/pokemon-species/101/
102,102,exeggcute,Exeggcute,https://pokeapi.co/api/v2/pokemon-species/102/
103,103,exeggutor,Exeggutor,https://pokeapi.co/api/v2/pokemon-species/103/
104,104,cubone,Cubone,https://pokeapi.co/api/v2/pokemon-species/104/
105,105,marowak,Marowak,https://pokeapi.co/api/v2/pokemon-species/105/
106,106,hitmonlee,Hitmonlee,https://pokeapi.co/api/v2/pokemon-species/106/
107,107,hitmonchan,Hitmonchan,https://pokeapi.co/api/v2/pokemon-species/107/
108,108,lickitung,Lickitung,https://pokeapi.co/api/v2/pokemon-species/108/
109,109,koffing,Koffing,https://pokeapi.co/api/v2/pokemon-species/109/
110,110,weezing,Weezing,https://pokeapi.co/api/v2/pokemon-species/110/
111,111,rhyhorn,Rhyhorn,https://pokeapi.co/api/v2/pokemon-species/111/
112,112,rhydon,Rhydon,https://pokeapi.co/api/v2/pokemon-species/112/
113,113,chansey,Chansey,https://pokeapi.co/api/v2/pokemon-species/113/
114,114,tangela,Tangela,https://pokeapi.co/api/v2/pokemon-species/114/
115,115,kangaskhan,Kangaskhan,https://pokeapi.co/api/v2/pokemon-species/115/
116,116,horsea,Horsea,https://pokeapi.co/api/v2/pokemon-species/116/
117,117,seadra,Seadra,https://pokeapi.co/api/v2/pokemon-species/117/
118,118,goldeen,Goldeen,https://pokeapi.co/api/v2/pokemon-species/118/
119,119,seaking,Seaking,https://pokeapi.co/api/v2/pokemon-species/119/
120,120,staryu,Staryu,https://pokeapi.co/api/v2/pokemon-species/120/
121,121,starmie,Starmie,https://pokeapi.co/api/v2/pokemon-species/121/
122,122,mr-mime,Mr Mime,https://pokeapi.co/api/v2/pokemon-species/122/
123,123,scyther,Scyther,https://pokeapi.co/api/v2/pokemon-species/123/
124,124,jynx,Jynx,https://pokeapi.co/api/v2/pokemon-species/124/
125,125,electabuzz,Electabuzz,https://pokeapi.co/api/v2/pokemon-species/125/
126,126,magmar,Magmar,https://pokeapi.co/api/v2/pokemon-species/126/
127,127,pinsir,Pinsir,https://pokeapi.co/api/v2/pokemon-species/127/
128,128,tauros,Tauros,https://pokeapi.co/api/v2/pokemon-species/128/
129,129,magikarp,Magikarp,https://pokeapi.co/api/v2/pokemon-species/129/
130,130,gyarados,Gyarados,https://pokeapi.co/api/v2/pokemon-species/130/
131,131,lapras,Lapras,https://pokeapi.co/api/v2/pokemon-species/131/
132,132,ditto,Ditto,https://pokeapi.co/api/v2/pokemon-species/132/
133,133,eevee,Eevee,https://pokeapi.co/api/v2/pokemon-species/133/
134,134,vaporeon,Vaporeon,https://pokeapi.co/api/v2/pokemon-species/134/
135,135,jolteon,Jolteon,https://pokeapi.co/api/v2/pokemon-species/135/
136,136,flareon,Flareon,https://pokeapi.co/api/v2/pokemon-species/136/
137,137,porygon,Porygon,https://pokeapi.co/api/v2/pokemon-species/137/
138,138,omanyte,Omanyte,https://pokeapi.co/api/v2/pokemon-species/138/
139,139,omastar,Omastar,https://pokeapi.co/api/v2/pokemon-species/139/
140,140,kabuto,Kabuto,https://pokeapi.co/api/v2/pokemon-species/140/
141,141,kabutops,Kabutops,https://pokeapi.co/api/v2/pokemon-species/141/
142,142,aerodactyl,Aerodactyl,https://pokeapi.co/api/v2/pokemon-species/142/
143,143,snorlax,Snorlax,https://pokeapi.co/api/v2/pokemon-species/143/
144,144,articuno,Articuno,https://pokeapi.co/api/v2/pokemon-species/144/
145,145,zapdos,Zapdos,https://pokeapi.co/api/v2/pokemon-species/145/
146,146,moltres,Moltres,https://pokeapi.co/api/v2/pokemon-species/146/
147,147,dratini,Dratini,https://pokeapi.co/api/v2/pokemon-species/147/
148,148,dragonair,Dragonair,https://pokeapi.co/api/v2/pokemon-species/148/
149,149,dragonite,Dragonite,https://pokeapi.co/api/v2/pokemon-species/149/
150,150,mewtwo,Mewtwo,https://pokeapi.co/api/v2/pokemon-species/150/
151,151,mew,Mew,https://pokeapi.co/api/v2/pokemon-species/151/
152,152,chikorita,Chikorita,https://pokeapi.co/api/v2/pokemon-species/152/
153,153,bayleef,Bayleef,https://pokeapi.co/api/v2/pokemon-species/153/
154,154,meganium,Meganium,https://pokeapi.co/api/v2/pokemon-species/154/
155,155,cyndaquil,Cyndaquil,https://pokeapi.co/api/v2/pokemon-species/155/
156,156,quilava,Quilava,https://pokeapi.co/api/v2/pokemon-species/156/
157,157,typhlosion,Typhlosion,https://pokeapi.co/api/v2/pokemon-species/157/
158,158,totodile,Totodile,https://pokeapi.co/api/v2/pokemon-species/158/
159,159,croconaw,Croconaw,https://pokeapi.co/api/v2/pokemon-species/159/
160,160,feraligatr,Feraligatr,https://pokeapi.co/api/v2/pokemon-species/160/
161,161,sentret,Sentret,https://pokeapi.co/api/v2/pokemon-species/161/
162,162,furret,Furret,https://pokeapi.co/api/v2/pokemon-species/162/
163,163,hoothoot,Hoothoot,https://pokeapi.co/api/v2/pokemon-species/163/
164,164,noctowl,Noctowl,https://pokeapi.co/api/v2/pokemon-species/164/
165,165,ledyba,Ledyba,https://pokeapi.co/api/v2/pokemon-species/165/
166,166,ledian,Ledian,https://pokeapi.co/api/v2/pokemon-species/166/
167,167,spinarak,Spinarak,https://pokeapi.co/api/v2/pokemon-species/167/
168,168,ariados,Ariados,https://pokeapi.co/api/v2/pokemon-species/168/
169,169,crobat,Crobat,https://pokeapi.co/api/v2/pokemon-species/169/
170,170,chinchou,Chinchou,https://pokeapi.co/api/v2/pokemon-species/170/
171,171,lanturn,Lanturn,https://pokeapi.co/api/v2/pokemon-species/171/
172,172,pichu,Pichu,https://pokeapi.co/api/v2/pokemon-species/172/
173,173,cleffa,Cleffa,https://pokeapi.co/api/v2/pokemon-species/173/
174,174,igglybuff,Igglybuff,https://pokeapi.co/api/v2/pokemon-species/174/
175,175,togepi,Togepi,https://pokeapi.co/api/v2/pokemon-species/175/
176,176,togetic,Togetic,https://pokeapi.co/api/v2/pokemon-species/176/
177,177,natu,Natu,https://pokeapi.co/api/v2/pokemon-species/177/
178,178,xatu,Xatu,https://pokeapi.co/api/v2/pokemon-species/178/
179,179,mareep,Mareep,https://pokeapi.co/api/v2/pokemon-species/179/
180,180,flaaffy,Flaaffy,https://pokeapi.co/api/v2/pokemon-species/180/
181,181,ampharos,Ampharos,https://pokeapi.co/api/v2/pokemon-species/181/
182,182,bellossom,Bellossom,https://pokeapi.co/api/v2/pokemon-species/182/
183,183,marill,Marill,https://pokeapi.co/api/v2/pokemon-species/183/
184,184,azumarill,Azumarill,https://pokeapi.co/api/v2/pokemon-species/184/
185,185,sudowoodo,Sudowoodo,https://pokeapi.co/api/v2/pokemon-species/185/
186,186,politoed,Politoed,https://pokeapi.co/api/v2/pokemon-species/186/
187,187,hoppip,Hoppip,https://pokeapi.co/api/v2/pokemon-species/187/
188,188,skiploom,Skiploom,https://pokeapi.co/api/v2/pokemon-species/188/
189,189,jumpluff,Jumpluff,https://pokeapi.co/api/v2/pokemon-species/189/
190,190,aipom,Aipom,https://pokeapi.co/api/v2/pokemon-species/190/
191,191,sunkern,Sunkern,https://pokeapi.co/api/v2/pokemon-species/191/
192,192,sunflora,Sunflora,https://pokeapi.co/api/v2/pokemon-species/192/
193,193,yanma,Yanma,https://pokeapi.co/api/v2/pokemon-species/193/
194,194,wooper,Wooper,https://pokeapi.co/api/v2/pokemon-species/194/
195,195,quagsire,Quagsire,https://pokeapi.co/api/v2/pokemon-species/195/
196,196,espeon,Espeon,https://pokeapi.co/api/v2/pokemon-species/196/
197,197,umbreon,Umbreon,https://pokeapi.co/api/v2/pokemon-species/197/
198,198,murkrow,Murkrow,https://pokeapi.co/api/v2/pokemon-species/198/
199,199,slowking,Slowking,https://pokeapi.co/api/v2/pokemon-species/199/
200,200,misdreavus,Misdreavus,https://pokeapi.co/api/v2/pokemon-species/200/
201,201,unown,Unown,https://pokeapi.co/api/v2/pokemon-species/201/
202,202,wobbuffet,Wobbuffet,https://pokeapi.co/api/v2/pokemon-species/202/
203,203,girafarig,Girafarig,https://pokeapi.co/api/v2/pokemon-species/203/
204,204,pineco,Pineco,https://pokeapi.co/api/v2/pokemon-species/204/
205,205,forretress,Forretress,https://pokeapi.co/api/v2/pokemon-species/205/
206,206,dunsparce,Dunsparce,https://pokeapi.co/api/v2/pokemon-species/206/
207,207,gligar,Gligar,https://pokeapi.co/api/v2/pokemon-species/207/
208,208,steelix,Steelix,https://pokeapi.co/api/v2/pokemon-species/208/
209,209,snubbull,Snubbull,https://pokeapi.co/api/v2/pokemon-species/209/
210,210,granbull,Granbull,https://pokeapi.co/api/v2/pokemon-species/210/
211,211,qwilfish,Qwilfish,https://pokeapi.co/api/v2/pokemon-species/211/
212,212,scizor,Scizor,https://pokeapi.co/api/v2/pokemon-species/212/
213,213,shuckle,Shuckle,https://pokeapi.co/api/v2/pokemon-species/213/
214,214,heracross,Heracross,https://pokeapi.co/api/v2/pokemon-species/214/
215,215,sneasel,Sneasel,https://pokeapi.co/api/v2/pokemon-species/215/
216,216,teddiursa,Teddiursa,https://pokeapi.co/api/v2/pokemon-species/216/
217,217,ursaring,Ursaring,https://pokeapi.co/api/v2/pokemon-species/217/
218,218,slugma,Slugma,https://pokeapi.co/api/v2/pokemon-species/218/
219,219,magcargo,Magcargo,https://pokeapi.co/api/v2/pokemon-species/219/
220,220,swinub,Swinub,https://pokeapi.co/api/v2/pokemon-species/220/
221,221,piloswine,Piloswine,https://pokeapi.co/api/v2/pokemon-species/221/
222,222,corsola,Corsola,https://pokeapi.co/api/v2/pokemon-species/222/
223,223,remoraid,Remoraid,https://pokeapi.co/api/v2/pokemon-species/223/
224,224,octillery,Octillery,https://pokeapi.co/api/v2/pokemon-species/224/
225,225,delibird,Delibird,https://pokeapi.co/api/v2/pokemon-species/225/
226,226,mantine,Mantine,https://pokeapi.co/api/v2/pokemon-species/226/
227,227,skarmory,Skarmory,https://pokeapi.co/api/v2/pokemon-species/227/
228,228,houndour,Houndour,https://pokeapi.co/api/v2/pokemon-species/228/
229,229,houndoom,Houndoom,https://pokeapi.co/api/v2/pokemon-species/229/
230,230,kingdra,Kingdra,https://pokeapi.co/api/v2/pokemon-species/230/
231,231,phanpy,Phanpy,https://pokeapi.co/api/v2/pokemon-species/231/
232,232,donphan,Donphan,https://pokeapi.co/api/v2/pokemon-species/232/
233,233,porygon2,Porygon2,https://pokeapi.co/api/v2/pokemon-species/233/
234,234,stantler,Stantler,https://pokeapi.co/api/v2/pokemon-species/234/
235,235,smeargle,Smeargle,https://pokeapi.co/api/v2/pokemon-species/235/
236,236,tyrogue,Tyrogue,https://pokeapi.co/api/v2/pokemon-species/236/
237,237,hitmontop,Hitmontop,https://pokeapi.co/api/v2/pokemon-species/237/
238,238,smoochum,Smoochum,https://pokeapi.co/api/v2/pokemon-species/238/
239,239,elekid,Elekid,https://pokeapi.co/api/v2/pokemon-species/239/
240,240,magby,Magby,https://pokeapi.co/api/v2/pokemon-species/240/
241,241,miltank,Miltank,https://pokeapi.co/api/v2/pokemon-species/241/
242,242,blissey,Blissey,https://pokeapi.co/api/v2/pokemon-species/242/
243,243,raikou,Raikou,https://pokeapi.co/api/v2/pokemon-species/243/
244,244,entei,Entei,https://pokeapi.co/api/v2/pokemon-species/244/
245,245,suicune,Suicune,https://pokeapi.co/api/v2/pokemon-species/245/
246,246,larvitar,Larvitar,https://pokeapi.co/api/v2/pokemon-species/246/
247,247,pupitar,Pupitar,https://pokeapi.co/api/v2/pokemon-species/247/
248,248,tyranitar,Tyranitar,https://pokeapi.co/api/v2/pokemon-species/248/
249,249,lugia,Lugia,https://pokeapi.co/api/v2/pokemon-species/249/
250,250,ho-oh,Ho Oh,https://pokeapi.co/api/v2/pokemon-species/250/
251,251,celebi,Celebi,https://pokeapi.co/api/v2/pokemon-species/251/
252,252,treecko,Treecko,https://pokeapi.co/api/v2/pokemon-species/252/
253,253,grovyle,Grovyle,https://pokeapi.co/api/v2/pokemon-species/253/
254,254,sceptile,Sceptile,https://pokeapi.co/api/v2/pokemon-species/254/
255,255,torchic,Torchic,https://pokeapi.co/api/v2/pokemon-species/255/
256,256,combusken,Combusken,https://pokeapi.co/api/v2/pokemon-species/256/
257,257,blaziken,Blaziken,https://pokeapi.co/api/v2/pokemon-species/257/
258,258,mudkip,Mudkip,https://pokeapi.co/api/v2/pokemon-species/258/
259,259,marshtomp,Marshtomp,https://pokeapi.co/api/v2/pokemon-species/259/
260,260,swampert,Swampert,https://pokeapi.co/api/v2/pokemon-species/260/
261,261,poochyena,Poochyena,https://pokeapi.co/api/v2/pokemon-species/261/
262,262,mightyena,Mightyena,https://pokeapi.co/api/v2/pokemon-species/262/
263,263,zigzagoon,Zigzagoon,https://pokeapi.co/api/v2/pokemon-species/263/
264,264,linoone,Linoone,https://pokeapi.co/api/v2/pokemon-species/264/
265,265,wurmple,Wurmple,https://pokeapi.co/api/v2/pokemon-species/265/
266,266,silcoon,Silcoon,https://pokeapi.co/api/v2/pokemon-species/266/
267,267,beautifly,Beautifly,https://pokeapi.co/api/v2/pokemon-species/267/
268,268,cascoon,Cascoon,https://pokeapi.co/api/v2/pokemon-species/268/
269,269,dustox,Dustox,https://pokeapi.co/api/v2/pokemon-species/269/
270,270,lotad,Lotad,https://pokeapi.co/api/v2/pokemon-species/270/
271,271,lombre,Lombre,https://pokeapi.co/api/v2/pokemon-species/271/
272,272,ludicolo,Ludicolo,https://pokeapi.co/api/v2/pokemon-species/272/
273,273,seedot,Seedot,https://pokeapi.co/api/v2/pokemon-species/273/
274,274,nuzleaf,Nuzleaf,https://pokeapi.co/api/v2/pokemon-species/274/
275,275,shiftry,Shiftry,https://pokeapi.co/api/v2/pokemon-species/275/
276,276,taillow,Taillow,https://pokeapi.co/api/v2/pokemon-species/276/
277,277,swellow,Swellow,https://pokeapi.co/api/v2/pokemon-species/277/
278,278,wingull,Wingull,https://pokeapi.co/api/v2/pokemon-species/278/
279,279,pelipper,Pelipper,https://pokeapi.co/api/v2/pokemon-species/279/
280,280,ralts,Ralts,https://pokeapi.co/api/v2/pokemon-species/280/
281,281,kirlia,Kirlia,https://pokeapi.co/api/v2/pokemon-species/281/
282,282,gardevoir,Gardevoir,https://pokeapi.co/api/v2/pokemon-species/282/
283,283,surskit,Surskit,https://pokeapi.co/api/v2/pokemon-species/283/
284,284,masquerain,Masquerain,https://pokeapi.co/api/v2/pokemon-species/284/
285,285,shroomish,Shroomish,https://pokeapi.co/api/v2/pokemon-species/285/
286,286,breloom,Breloom,https://pokeapi.co/api/v2/pokemon-species/286/
287,287,slakoth,Slakoth,https://pokeapi.co/api/v2/pokemon-species/287/
288,288,vigoroth,Vigoroth,https://pokeapi.co/api/v2/pokemon-species/288/
289,289,slaking,Slaking,https://pokeapi.co/api/v2/pokemon-species/289/
290,290,nincada,Nincada,https://pokeapi.co/api/v2/pokemon-species/290/
291,291,ninjask,Ninjask,https://pokeapi.co/api/v2/pokemon-species/291/
292,292,shedinja,Shedinja,https://pokeapi.co/api/v2/pokemon-species/292/
293,293,whismur,Whismur,https://pokeapi.co/api/v2/pokemon-species/293/
294,294,loudred,Loudred,https://pokeapi.co/api/v2/pokemon-species/294/
295,295,exploud,Exploud,https://pokeapi.co/api/v2/pokemon-species/295/
296,296,makuhita,Makuhita,https://pokeapi.co/api/v2/pokemon-species/296/
297,297,hariyama,Hariyama,https://pokeapi.co/api/v2/pokemon-species/297/
298,298,azurill,Azurill,https://pokeapi.co/api/v2/pokemon-species/298/
299,299,nosepass,Nosepass,https://pokeapi.co/api/v2/pokemon-species/299/
300,300,skitty,Skitty,https://pokeapi.co/api/v2/pokemon-species/300/
301,301,delcatty,Delcatty,https://pokeapi.co/api/v2/pokemon-species/301/
302,302,sableye,Sableye,https://pokeapi.co/api/v2/pokemon-species/302/
303,303,mawile,Mawile,https://pokeapi.co/api/v2/pokemon-species/303/
304,304,aron,Aron,https://pokeapi.co/api/v2/pokemon-species/304/
305,305,lairon,Lairon,https://pokeapi.co/api/v2/pokemon-species/305/
306,306,aggron,Aggron,https://pokeapi.co/api/v2/pokemon-species/306/
307,307,meditite,Meditite,https://pokeapi.co/api/v2/pokemon-species/307/
308,308,medicham,Medicham,https://pokeapi.co/api/v2/pokemon-species/308/
309,309,electrike,Electrike,https://pokeapi.co/api/v2/pokemon-species/309/
310,310,manectric,Manectric,https://pokeapi.co/api/v2/pokemon-species/310/
311,311,plusle,Plusle,https://pokeapi.co/api/v2/pokemon-species/311/
312,312,minun,Minun,https://pokeapi.co/api/v2/pokemon-species/312/
313,313,volbeat,Volbeat,https://pokeapi.co/api/v2/pokemon-species/313/
314,314,illumise,Illumise,https://pokeapi.co/api/v2/pokemon-species/314/
315,315,roselia,Roselia,https://pokeapi.co/api/v2/pokemon-species/315/
316,316,gulpin,Gulpin,https://pokeapi.co/api/v2/pokemon-species/316/
317,317,swalot,Swalot,https://pokeapi.co/api/v2/pokemon-species/317/
318,318,carvanha,Carvanha,https://pokeapi.co/api/v2/pokemon-species/318/
319,319,sharpedo,Sharpedo,https://pokeapi.co/api/v2/pokemon-species/319/
320,320,wailmer,Wailmer,https://pokeapi.co/api/v2/pokemon-species/320/
321,321,wailord,Wailord,https://pokeapi.co/api/v2/pokemon-species/321/
322,322,numel,Numel,https://pokeapi.co/api/v2/pokemon-species/322/
323,323,camerupt,Camerupt,https://pokeapi.co/api/v2/pokemon-species/323/
324,324,torkoal,Torkoal,https://pokeapi.co/api/v2/pokemon-species/324/
325,325,spoink,Spoink,https://pokeapi.co/api/v2/pokemon-species/325/
326,326,grumpig,Grumpig,https://pokeapi.co/api/v2/pokemon-species/326/
327,327,spinda,Spinda,https://pokeapi.co/api/v2/pokemon-species/327/
328,328,trapinch,Trapinch,https://pokeapi.co/api/v2/pokemon-species/328/
329,329,vibrava,Vibrava,https://pokeapi.co/api/v2/pokemon-species/329/
330,330,flygon,Flygon,https://pokeapi.co/api/v2/pokemon-species/330/
331,331,cacnea,Cacnea,https://pokeapi.co/api/v2/pokemon-species/331/
332,332,cacturne,Cacturne,https://pokeapi.co/api/v2/pokemon-species/332/
333,333,swablu,Swablu,https://pokeapi.co/api/v2/pokemon-species/333/
334,334,altaria,Altaria,https://pokeapi.co/api/v2/pokemon-species/334/
335,335,zangoose,Zangoose,https://pokeapi.co/api/v2/pokemon-species/335/
336,336,seviper,Seviper,https://pokeapi.co/api/v2/pokemon-species/336/
337,337,lunatone,Lunatone,https://pokeapi.co/api/v2/pokemon-species/337/
338,338,solrock,Solrock,https://pokeapi.co/api/v2/pokemon-species/338/
339,339,barboach,Barboach,https://pokeapi.co/api/v2/pokemon-species/339/
340,340,whiscash,Whiscash,https://pokeapi.co/api/v2/pokemon-species/340/
341,341,corphish,Corphish,https://pokeapi.co/api/v2/pokemon-species/341/
342,342,crawdaunt,Crawdaunt,https://pokeapi.co/api/v2/pokemon-species/342/
343,343,baltoy,Baltoy,https://pokeapi.co/api/v2/pokemon-species/343/
344,344,claydol,Claydol,https://pokeapi.co/api/v2/pokemon-species/344/
345,345,lileep,Lileep,https://pokeapi.co/api/v2/pokemon-species/345/
346,346,cradily,Cradily,https://pokeapi.co/api/v2/pokemon-species/346/
347,347,anorith,Anorith,https://pokeapi.co/api/v2/pokemon-species/347/
348,348,armaldo,Armaldo,https://pokeapi.co/api/v2/pokemon-species/348/
349,349,feebas,Feebas,https://pokeapi.co/api/v2/pokemon-species/349/
350,350,milotic,Milotic,https://pokeapi.co/api/v2/pokemon-species/350/
351,351,castform,Castform,https://pokeapi.co/api/v2/pokemon-species/351/
352,352,kecleon,Kecleon,https://pokeapi.co/api/v2/pokemon-species/352/
353,353,shuppet,Shuppet,https://pokeapi.co/api/v2/pokemon-species/353/
354,354,banette,Banette,https://pokeapi.co/api/v2/pokemon-species/354/
355,355,duskull,Duskull,https://pokeapi.co/api/v2/pokemon-species/355/
356,356,dusclops,Dusclops,https://pokeapi.co/api/v2/pokemon-species/356/
357,357,tropius,Tropius,https://pokeapi.co/api/v2/pokemon-species/357/
358,358,chimecho,Chimecho,https://pokeapi.co/api/v2/pokemon-species/358/
359,359,absol,Absol,https://pokeapi.co/api/v2/pokemon-species/359/
360,360,wynaut,Wynaut,https://pokeapi.co/api/v2/pokemon-species/360/
361,361,snorunt,Snorunt,https://pokeapi.co/api/v2/pokemon-species/361/
362,362,glalie,Glalie,https://pokeapi.co/api/v2/pokemon-species/362/
363,363,spheal,Spheal,https://pokeapi.co/api/v2/pokemon-species/363/
364,364,sealeo,Sealeo,https://pokeapi.co/api/v2/pokemon-species/364/
365,365,walrein,Walrein,https://pokeapi.co/api/v2/pokemon-species/365/
366,366,clamperl,Clamperl,https://pokeapi.co/api/v2/pokemon-species/366/
367,367,huntail,Huntail,https://pokeapi.co/api/v2/pokemon-species/367/
368,368,gorebyss,Gorebyss,https://pokeapi.co/api/v2/pokemon-species/368/
369,369,relicanth,Relicanth,https://pokeapi.co/api/v2/pokemon-species/369/
370,370,luvdisc,Luvdisc,https://pokeapi.co/api/v2/pokemon-species/370/
371,371,bagon,Bagon,https://pokeapi.co/api/v2/pokemon-species/371/
372,372,shelgon,Shelgon,https://pokeapi.co/api/v2/pokemon-species/372/
373,373,salamence,Salamence,https://pokeapi.co/api/v2/pokemon-species/373/
374,374,beldum,Beldum,https://pokeapi.co/api/v2/pokemon-species/374/
375,375,metang,Metang,https://pokeapi.co/api/v2/pokemon-species/375/
376,376,metagross,Metagross,https://pokeapi.co/api/v2/pokemon-species/376/
377,377,regirock,Regirock,https://pokeapi.co/api/v2/pokemon-species/377/
378,378,regice,Regice,https://pokeapi.co/api/v2/pokemon-species/378/
379,379,registeel,Registeel,https://pokeapi.co/api/v2/pokemon-species/379/
380,380,latias,Latias,https://pokeapi.co/api/v2/pokemon-species/380/
381,381,latios,Latios,https://pokeapi.co/api/v2/pokemon-species/381/
382,382,kyogre,Kyogre,https://pokeapi.co/api/v2/pokemon-species/382/
383,383,groudon,Groudon,https://pokeapi.co/api/v2/pokemon-species/383/
384,384,rayquaza,Rayquaza,https://pokeapi.co/api/v2/pokemon-species/384/
385,385,jirachi,Jirachi,https://pokeapi.co/api/v2/pokemon-species/385/
386,386,deoxys,Deoxys,https://pokeapi.co/api/v2/pokemon-species/386/
387,387,turtwig,Turtwig,https://pokeapi.co/api/v2/pokemon-species/387/
388,388,grotle,Grotle,https://pokeapi.co/api/v2/pokemon-species/388/
389,389,torterra,Torterra,https://pokeapi.co/api/v2/pokemon-species/389/
390,390,chimchar,Chimchar,https://pokeapi.co/api/v2/pokemon-species/390/
391,391,monferno,Monferno,https://pokeapi.co/api/v2/pokemon-species/391/
392,392,infernape,Infernape,https://pokeapi.co/api/v2/pokemon-species/392/
393,393,piplup,Piplup,https://pokeapi.co/api/v2/pokemon-species/393/
394,394,prinplup,Prinplup,https://pokeapi.co/api/v2/pokemon-species/394/
395,395,empoleon,Empoleon,https://pokeapi.co/api/v2/pokemon-species/395/
396,396,starly,Starly,https://pokeapi.co/api/v2/pokemon-species/396/
397,397,staravia,Staravia,https://pokeapi.co/api/v2/pokemon-species/397/
398,398,staraptor,Staraptor,https://pokeapi.co/api/v2/pokemon-species/398/
399,399,bidoof,Bidoof,https://pokeapi.co/api/v2/pokemon-species/399/
400,400,bibarel,Bibarel,https://pokeapi.co/api/v2/pokemon-species/400/
401,401,kricketot,Kricketot,https://pokeapi.co/api/v2/pokemon-species/401/
402,402,kricketune,Kricketune,https://pokeapi.co/api/v2/pokemon-species/402/
403,403,shinx,Shinx,https://pokeapi.co/api/v2/pokemon-species/403/
404,404,luxio,Luxio,https://pokeapi.co/api/v2/pokemon-species/404/
405,405,luxray,Luxray,https://pokeapi.co/api/v2/pokemon-species/405/
406,406,budew,Budew,https://pokeapi.co/api/v2/pokemon-species/406/
407,407,roserade,Roserade,https://pokeapi.co/api/v2/pokemon-species/407/
408,408,cranidos,Cranidos,https://pokeapi.co/api/v2/pokemon-species/408/
409,409,rampardos,Rampardos,https://pokeapi.co/api/v2/pokemon-species/409/
410,410,shieldon,Shieldon,https://pokeapi.co/api/v2/pokemon-species/410/
411,411,bastiodon,Bastiodon,https://pokeapi.co/api/v2/pokemon-species/411/
412,412,burmy,Burmy,https://pokeapi.co/api/v2/pokemon-species/412/
413,413,wormadam,Wormadam,https://pokeapi.co/api/v2/pokemon-species/413/
414,414,mothim,Mothim,https://pokeapi.co/api/v2/pokemon-species/414/
415,415,combee,Combee,https://pokeapi.co/api/v2/pokemon-species/415/
416,416,vespiquen,Vespiquen,https://pokeapi.co/api/v2/pokemon-species/416/
417,417,pachirisu,Pachirisu,https://pokeapi.co/api/v2/pokemon-species/417/
418,418,buizel,Buizel,https://pokeapi.co/api/v2/pokemon-species/418/
419,419,floatzel,Floatzel,https://pokeapi.co/api/v2/pokemon-species/419/
420,420,cherubi,Cherubi,https://pokeapi.co/api/v2/pokemon-species/420/
421,421,cherrim,Cherrim,https://pokeapi.co/api/v2/pokemon-species/421/
422,422,shellos,Shellos,https://pokeapi.co/api/v2/pokemon-species/422/
423,423,gastrodon,Gastrodon,https://pokeapi.co/api/v2/pokemon-species/423/
424,424,ambipom,Ambipom,https://pokeapi.co/api/v2/pokemon-species/424/
425,425,drifloon,Drifloon,https://pokeapi.co/api/v2/pokemon-species/425/
426,426,drifblim,Drifblim,https://pokeapi.co/api/v2/pokemon-species/426/
427,427,buneary,Buneary,https://pokeapi.co/api/v2/pokemon-species/427/
428,428,lopunny,Lopunny,https://pokeapi.co/api/v2/pokemon-species/428/
429,429,mismagius,Mismagius,https://pokeapi.co/api/v2/pokemon-species/429/
430,430,honchkrow,Honchkrow,https://pokeapi.co/api/v2/pokemon-species/430/
431,431,glameow,Glameow,https://pokeapi.co/api/v2/pokemon-species/431/
432,432,purugly,Purugly,https://pokeapi.co/api/v2/pokemon-species/432/
433,433,chingling,Chingling,https://pokeapi.co/api/v2/pokemon-species/433/
434,434,stunky,Stunky,https://pokeapi.co/api/v2/pokemon-species/434/
435,435,skuntank,Skuntank,https://pokeapi.co/api/v2/pokemon-species/435/
436,436,bronzor,Bronzor,https://pokeapi.co/api/v2/pokemon-species/436/
437,437,bronzong,Bronzong,https://pokeapi.co/api/v2/pokemon-species/437/
438,438,bonsly,Bonsly,https://pokeapi.co/api/v2/pokemon-species/438/
439,439,mime-jr,Mime Jr,https://pokeapi.co/api/v2/pokemon-species/439/
440,440,happiny,Happiny,https://pokeapi.co/api/v2/pokemon-species/440/
441,441,chatot,Chatot,https://pokeapi.co/api/v2/pokemon-species/441/
442,442,spiritomb,Spiritomb,https://pokeapi.co/api/v2/pokemon-species/442/
443,443,gible,Gible,https://pokeapi.co/api/v2/pokemon-species/443/
444,444,gabite,Gabite,https://pokeapi.co/api/v2/pokemon-species/444/
445,445,garchomp,Garchomp,https://pokeapi.co/api/v2/pokemon-species/445/
446,446,munchlax,Munchlax,https://pokeapi.co/api/v2/pokemon-species/446/
447,447,riolu,Riolu,https://pokeapi.co/api/v2/pokemon-species/447/
448,448,lucario,Lucario,https://pokeapi.co/api/v2/pokemon-species/448/
449,449,hippopotas,Hippopotas,https://pokeapi.co/api/v2/pokemon-species/449/
450,450,hippowdon,Hippowdon,https://pokeapi.co/api/v2/pokemon-species/450/
451,451,skorupi,Skorupi,https://pokeapi.co/api/v2/pokemon-species/451/
452,452,drapion,Drapion,https://pokeapi.co/api/v2/pokemon-species/452/
453,453,croagunk,Croagunk,https://pokeapi.co/api/v2/pokemon-species/453/
454,454,toxicroak,Toxicroak,https://pokeapi.co/api/v2/pokemon-species/454/
455,455,carnivine,Carnivine,https://pokeapi.co/api/v2/pokemon-species/455/
456,456,finneon,Finneon,https://pokeapi.co/api/v2/pokemon-species/456/
457,457,lumineon,Lumineon,https://pokeapi.co/api/v2/pokemon-species/457/
458,458,mantyke,Mantyke,https://pokeapi.co/api/v2/pokemon-species/458/
459,459,snover,Snover,https://pokeapi.co/api/v2/pokemon-species/459/
460,460,abomasnow,Abomasnow,https://pokeapi.co/api/v2/pokemon-species/460/
461,461,weavile,Weavile,https://pokeapi.co/api/v2/pokemon-species/461/
462,462,magnezone,Magnezone,https://pokeapi.co/api/v2/pokemon-species/462/
463,463,lickilicky,Lickilicky,https://pokeapi.co/api/v2/pokemon-species/463/
464,464,rhyperior,Rhyperior,https://pokeapi.co/api/v2/pokemon-species/464/
465,465,tangrowth,Tangrowth,https://pokeapi.co/api/v2/pokemon-species/465/
466,466,electivire,Electivire,https://pokeapi.co/api/v2/pokemon-species/466/
467,467,magmortar,Magmortar,https://pokeapi.co/api/v2/pokemon-species/467/
468,468,togekiss,Togekiss,https://pokeapi.co/api/v2/pokemon-species/468/
469,469,yanmega,Yanmega,https://pokeapi.co/api/v2/pokemon-species/469/
470,470,leafeon,Leafeon,https://pokeapi.co/api/v2/pokemon-species/470/
471,471,glaceon,Glaceon,https://pokeapi.co/api/v2/pokemon-species/471/
472,472,gliscor,Gliscor,https://pokeapi.co/api/v2/pokemon-species/472/
473,473,mamoswine,Mamoswine,https://pokeapi.co/api/v2/pokemon-species/473/
474,474,porygon-z,Porygon Z,https://pokeapi.co/api/v2/pokemon-species/474/
475,475,gallade,Gallade,https://pokeapi.co/api/v2/pokemon-species/475/
476,476,probopass,Probopass,https://pokeapi.co/api/v2/pokemon-species/476/
477,477,dusknoir,Dusknoir,https://pokeapi.co/api/v2/pokemon-species/477/
478,478,froslass,Froslass,https://pokeapi.co/api/v2/pokemon-species/478/
479,479,rotom,Rotom,https://pokeapi.co/api/v2/pokemon-species/479/
480,480,uxie,Uxie,https://pokeapi.co/api/v2/pokemon-species/480/
481,481,mesprit,Mesprit,https://pokeapi.co/api/v2/pokemon-species/481/
482,482,azelf,Azelf,https://pokeapi.co/api/v2/pokemon-species/482/
483,483,dialga,Dialga,https://pokeapi.co/api/v2/pokemon-species/483/
484,484,palkia,Palkia,https://pokeapi.co/api/v2/pokemon-species/484/
485,485,heatran,Heatran,https://pokeapi.co/api/v2/pokemon-species/485/
486,486,regigigas,Regigigas,https://pokeapi.co/api/v2/pokemon-species/486/
487,487,giratina,Giratina,https://pokeapi.co/api/v2/pokemon-species/487/
488,488,cresselia,Cresselia,https://pokeapi.co/api/v2/pokemon-species/488/
489,489,phione,Phione,https://pokeapi.co/api/v2/pokemon-species/489/
490,490,manaphy,Manaphy,https://pokeapi.co/api/v2/pokemon-species/490/
491,491,darkrai,Darkrai,https://pokeapi.co/api/v2/pokemon-species/491/
492,492,shaymin,Shaymin,https://pokeapi.co/api/v2/pokemon-species/492/
493,493,arceus,Arceus,https://pokeapi.co/api/v2/pokemon-species/493/
494,494,victini,Victini,https://pokeapi.co/api/v2/pokemon-species/494/
495,495,snivy,Snivy,https://pokeapi.co/api/v2/pokemon-species/495/
496,496,servine,Servine,https://pokeapi.co/api/v2/pokemon-species/496/
497,497,serperior,Serperior,https://pokeapi.co/api/v2/pokemon-species/497/
498,498,tepig,Tepig,https://pokeapi.co/api/v2/pokemon-species/498/
499,499,pignite,Pignite,https://pokeapi.co/api/v2/pokemon-species/499/
500,500,emboar,Emboar,https://pokeapi.co/api/v2/pokemon-species/500/
501,501,oshawott,Oshawott,https://pokeapi.co/api/v2/pokemon-species/501/
502,502,dewott,Dewott,https://pokeapi.co/api/v2/pokemon-species/502/
503,503,samurott,Samurott,https://pokeapi.co/api/v2/pokemon-species/503/
504,504,patrat,Patrat,https://pokeapi.co/api/v2/pokemon-species/504/
505,505,watchog,Watchog,https://pokeapi.co/api/v2/pokemon-species/505/
506,506,lillipup,Lillipup,https://pokeapi.co/api/v2/pokemon-species/506/
507,507,herdier,Herdier,https://pokeapi.co/api/v2/pokemon-species/507/
508,508,stoutland,Stoutland,https://pokeapi.co/api/v2/pokemon-species/508/
509,509,purrloin,Purrloin,https://pokeapi.co/api/v2/pokemon-species/509/
510,510,liepard,Liepard,https://pokeapi.co/api/v2/pokemon-species/510/
511,511,pansage,Pansage,https://pokeapi.co/api/v2/pokemon-species/511/
512,512,simisage,Simisage,https://pokeapi.co/api/v2/pokemon-species/512/
513,513,pansear,Pansear,https://pokeapi.co/api/v2/pokemon-species/513/
514,514,simisear,Simisear,https://pokeapi.co/api/v2/pokemon-species/514/
515,515,panpour,Panpour,https://pokeapi.co/api/v2/pokemon-species/515/
516,516,simipour,Simipour,https://pokeapi.co/api/v2/pokemon-species/516/
517,517,munna,Munna,https://pokeapi.co/api/v2/pokemon-species/517/
518,518,musharna,Musharna,https://pokeapi.co/api/v2/pokemon-species/518/
519,519,pidove,Pidove,https://pokeapi.co/api/v2/pokemon-species/519/
520,520,tranquill,Tranquill,https://pokeapi.co/api/v2/pokemon-species/520/
521,521,unfezant,Unfezant,https://pokeapi.co/api/v2/pokemon-species/521/
522,522,blitzle,Blitzle,https://pokeapi.co/api/v2/pokemon-species/522/
523,523,zebstrika,Zebstrika,https://pokeapi.co/api/v2/pokemon-species/523/
524,524,roggenrola,Roggenrola,https://pokeapi.co/api/v2/pokemon-species/524/
525,525,boldore,Boldore,https://pokeapi.co/api/v2/pokemon-species/525/
526,526,gigalith,Gigalith,https://pokeapi.co/api/v2/pokemon-species/526/
527,527,woobat,Woobat,https://pokeapi.co/api/v2/pokemon-species/527/
528,528,swoobat,Swoobat,https://pokeapi.co/api/v2/pokemon-species/528/
529,529,drilbur,Drilbur,https://pokeapi.co/api/v2/pokemon-species/529/
530,530,excadrill,Excadrill,https://pokeapi.co/api/v2/pokemon-species/530/
531,531,audino,Audino,https://pokeapi.co/api/v2/pokemon-species/531/
532,532,timburr,Timburr,https://pokeapi.co/api/v2/pokemon-species/532/
533,533,gurdurr,Gurdurr,https://pokeapi.co/api/v2/pokemon-species/533/
534,534,conkeldurr,Conkeldurr,https://pokeapi.co/api/v2/pokemon-species/534/
535,535,tympole,Tympole,https://pokeapi.co/api/v2/pokemon-species/535/
536,536,palpitoad,Palpitoad,https://pokeapi.co/api/v2/pokemon-species/536/
537,537,seismitoad,Seismitoad,https://pokeapi.co/api/v2/pokemon-species/537/
538,538,throh,Throh,https://pokeapi.co/api/v2/pokemon-species/538/
539,539,sawk,Sawk,https://pokeapi.co/api/v2/pokemon-species/539/
540,540,sewaddle,Sewaddle,https://pokeapi.co/api/v2/pokemon-species/540/
541,541,swadloon,Swadloon,https://pokeapi.co/api/v2/pokemon-species/541/
542,542,leavanny,Leavanny,https://pokeapi.co/api/v2/pokemon-species/542/
543,543,venipede,Venipede,https://pokeapi.co/api/v2/pokemon-species/543/
544,544,whirlipede,Whirlipede,https://pokeapi.co/api/v2/pokemon-species/544/
545,545,scolipede,Scolipede,https://pokeapi.co/api/v2/pokemon-species/545/
546,546,cottonee,Cottonee,https://pokeapi.co/api/v2/pokemon-species/546/
547,547,whimsicott,Whimsicott,https://pokeapi.co/api/v2/pokemon-species/547/
548,548,petilil,Petilil,https://pokeapi.co/api/v2/pokemon-species/548/
549,549,lilligant,Lilligant,https://pokeapi.co/api/v2/pokemon-species/549/
550,550,basculin,Basculin,https://pokeapi.co/api/v2/pokemon-species/550/
551,551,sandile,Sandile,https://pokeapi.co/api/v2/pokemon-species/551/
552,552,krokorok,Krokorok,https://pokeapi.co/api/v2/pokemon-species/552/
553,553,krookodile,Krookodile,https://pokeapi.co/api/v2/pokemon-species/553/
554,554,darumaka,Darumaka,https://pokeapi.co/api/v2/pokemon-species/554/
555,555,darmanitan,Darmanitan,https://pokeapi.co/api/v2/pokemon-species/555/
556,556,maractus,Maractus,https://pokeapi.co/api/v2/pokemon-species/556/
557,557,dwebble,Dwebble,https://pokeapi.co/api/v2/pokemon-species/557/
558,558,crustle,Crustle,https://pokeapi.co/api/v2/pokemon-species/558/
559,559,scraggy,Scraggy,https://pokeapi.co/api/v2/pokemon-species/559/
560,560,scrafty,Scrafty,https://pokeapi.co/api/v2/pokemon-species/560/
561,561,sigilyph,Sigilyph,https://pokeapi.co/api/v2/pokemon-species/561/
562,562,yamask,Yamask,https://pokeapi.co/api/v2/pokemon-species/562/
563,563,cofagrigus,Cofagrigus,https://pokeapi.co/api/v2/pokemon-species/563/
564,564,tirtouga,Tirtouga,https://pokeapi.co/api/v2/pokemon-species/564/
565,565,carracosta,Carracosta,https://pokeapi.co/api/v2/pokemon-species/565/
566,566,archen,Archen,https://pokeapi.co/api/v2/pokemon-species/566/
567,567,archeops,Archeops,https://pokeapi.co/api/v2/pokemon-species/567/
568,568,trubbish,Trubbish,https://pokeapi.co/api/v2/pokemon-species/568/
569,569,garbodor,Garbodor,https://pokeapi.co/api/v2/pokemon-species/569/
570,570,zorua,Zorua,https://pokeapi.co/api/v2/pokemon-species/570/
571,571,zoroark,Zoroark,https://pokeapi.co/api/v2/pokemon-species/571/
572,572,minccino,Minccino,https://pokeapi.co/api/v2/pokemon-species/572/
573,573,cinccino,Cinccino,https://pokeapi.co/api/v2/pokemon-species/573/
574,574,gothita,Gothita,https://pokeapi.co/api/v2/pokemon-species/574/
575,575,gothorita,Gothorita,https://pokeapi.co/api/v2/pokemon-species/575/
576,576,gothitelle,Gothitelle,https://pokeapi.co/api/v2/pokemon-species/576/
577,577,solosis,Solosis,https://pokeapi.co/api/v2/pokemon-species/577/
578,578,duosion,Duosion,https://pokeapi.co/api/v2/pokemon-species/578/
579,579,reuniclus,Reuniclus,https://pokeapi.co/api/v2/pokemon-species/579/
580,580,ducklett,Ducklett,https://pokeapi.co/api/v2/pokemon-species/580/
581,581,swanna,Swanna,https://pokeapi.co/api/v2/pokemon-species/581/
582,582,vanillite,Vanillite,https://pokeapi.co/api/v2/pokemon-species/582/
583,583,vanillish,Vanillish,https://pokeapi.co/api/v2/pokemon-species/583/
584,584,vanilluxe,Vanilluxe,https://pokeapi.co/api/v2/pokemon-species/584/
585,585,deerling,Deerling,https://pokeapi.co/api/v2/pokemon-species/585/
586,586,sawsbuck,Sawsbuck,https://pokeapi.co/api/v2/pokemon-species/586/
587,587,emolga,Emolga,https://pokeapi.co/api/v2/pokemon-species/587/
588,588,karrablast,Karrablast,https://pokeapi.co/api/v2/pokemon-species/588/
589,589,escavalier,Escavalier,https://pokeapi.co/api/v2/pokemon-species/589/
590,590,foongus,Foongus,https://pokeapi.co/api/v2/pokemon-species/590/
591,591,amoonguss,Amoonguss,https://pokeapi.co/api/v2/pokemon-species/591/
592,592,frillish,Frillish,https://pokeapi.co/api/v2/pokemon-species/592/
593,593,jellicent,Jellicent,https://pokeapi.co/api/v2/pokemon-species/593/
594,594,alomomola,Alomomola,https://pokeapi.co/api/v2/pokemon-species/594/
595,595,joltik,Joltik,https://pokeapi.co/api/v2/pokemon-species/595/
596,596,galvantula,Galvantula,https://pokeapi.co/api/v2/pokemon-species/596/
597,597,ferroseed,Ferroseed,https://pokeapi.co/api/v2/pokemon-species/597/
598,598,ferrothorn,Ferrothorn,https://pokeapi.co/api/v2/pokemon-species/598/
599,599,klink,Klink,https://pokeapi.co/api/v2/pokemon-species/599/
600,600,klang,Klang,https://pokeapi.co/api/v2/pokemon-species/600/
601,601,klinklang,Klinklang,https://pokeapi.co/api/v2/pokemon-species/601/
602,602,tynamo,Tynamo,https://pokeapi.co/api/v2/pokemon-species/602/
603,603,eelektrik,Eelektrik,https://pokeapi.co/api/v2/pokemon-species/603/
604,604,eelektross,Eelektross,https://pokeapi.co/api/v2/pokemon-species/604/
605,605,elgyem,Elgyem,https://pokeapi.co/api/v2/pokemon-species/605/
606,606,beheeyem,Beheeyem,https://pokeapi.co/api/v2/pokemon-species/606/
607,607,litwick,Litwick,https://pokeapi.co/api/v2/pokemon-species/607/
608,608,lampent,Lampent,https://pokeapi.co/api/v2/pokemon-species/608/
609,609,chandelure,Chandelure,https://pokeapi.co/api/v2/pokemon-species/609/
610,610,axew,Axew,https://pokeapi.co/api/v2/pokemon-species/610/
611,611,fraxure,Fraxure,https://pokeapi.co/api/v2/pokemon-species/611/
612,612,haxorus,Haxorus,https://pokeapi.co/api/v2/pokemon-species/612/
613,613,cubchoo,Cubchoo,https://pokeapi.co/api/v2/pokemon-species/613/
614,614,beartic,Beartic,https://pokeapi.co/api/v2/pokemon-species/614/
615,615,cryogonal,Cryogonal,https://pokeapi.co/api/v2/pokemon-species/615/
616,616,shelmet,Shelmet,https://pokeapi.co/api/v2/pokemon-species/616/
617,617,accelgor,Accelgor,https://pokeapi.co/api/v2/pokemon-species/617/
618,618,stunfisk,Stunfisk,https://pokeapi.co/api/v2/pokemon-species/618/
619,619,mienfoo,Mienfoo,https://pokeapi.co/api/v2/pokemon-species/619/
620,620,mienshao,Mienshao,https://pokeapi.co/api/v2/pokemon-species/620/
621,621,druddigon,Druddigon,https://pokeapi.co/api/v2/pokemon-species/621/
622,622,golett,Golett,https://pokeapi.co/api/v2/pokemon-species/622/
623,623,golurk,Golurk,https://pokeapi.co/api/v2/pokemon-species/623/
624,624,pawniard,Pawniard,https://pokeapi.co/api/v2/pokemon-species/624/
625,625,bisharp,Bisharp,https://pokeapi.co/api/v2/pokemon-species/625/
626,626,bouffalant,Bouffalant,https://pokeapi.co/api/v2/pokemon-species/626/
627,627,rufflet,Rufflet,https://pokeapi.co/api/v2/pokemon-species/627/
628,628,braviary,Braviary,https://pokeapi.co/api/v2/pokemon-species/628/
629,629,vullaby,Vullaby,https://pokeapi.co/api/v2/pokemon-species/629/
630,630,mandibuzz,Mandibuzz,https://pokeapi.co/api/v2/pokemon-species/630/
631,631,heatmor,Heatmor,https://pokeapi.co/api/v2/pokemon-species/631/
632,632,durant,Durant,https://pokeapi.co/api/v2/pokemon-species/632/
633,633,deino,Deino,https://pokeapi.co/api/v2/pokemon-species/633/
634,634,zweilous,Zweilous,https://pokeapi.co/api/v2/pokemon-species/634/
635,635,hydreigon,Hydreigon,https://pokeapi.co/api/v2/pokemon-species/635/
636,636,larvesta,Larvesta,https://pokeapi.co/api/v2/pokemon-species/636/
637,637,volcarona,Volcarona,https://pokeapi.co/api/v2/pokemon-species/637/
638,638,cobalion,Cobalion,https://pokeapi.co/api/v2/pokemon-species/638/
639,639,terrakion,Terrakion,https://pokeapi.co/api/v2/pokemon-species/639/
640,640,virizion,Virizion,https://pokeapi.co/api/v2/pokemon-species/640/
641,641,tornadus,Tornadus,https://pokeapi.co/api/v2/pokemon-species/641/
642,642,thundurus,Thundurus,https://pokeapi.co/api/v2/pokemon-species/642/
643,643,reshiram,Reshiram,https://pokeapi.co/api/v2/pokemon-species/643/
644,644,zekrom,Zekrom,https://pokeapi.co/api/v2/pokemon-species/644/
645,645,landorus,Landorus,https://pokeapi.co/api/v2/pokemon-species/645/
646,646,kyurem,Kyurem,https://pokeapi.co/api/v2/pokemon-species/646/
647,647,keldeo,Keldeo,https://pokeapi.co/api/v2/pokemon-species/647/
700,700,sylveon,Sylveon,https://pokeapi.co/api/v2/pokemon-species/700/
862,862,obstagoon,Obstagoon,https://pokeapi.co/api/v2/pokemon-species/862/
863,863,perrserker,Perrserker,https://pokeapi.co/api/v2/pokemon-species/863/
864,864,cursola,Cursola,https://pokeapi.co/api/v2/pokemon-species/864/
865,865,sirfetchd,Sirfetchd,https://pokeapi.co/api/v2/pokemon-species/865/
866,866,mr-rime,Mr Rime,https://pokeapi.co/api/v2/pokemon-species/866/
867,867,runerigus,Runerigus,https://pokeapi.co/api/v2/pokemon-species/867/
899,899,wyrdeer,Wyrdeer,https://pokeapi.co/api/v2/pokemon-species/899/
900,900,kleavor,Kleavor,https://pokeapi.co/api/v2/pokemon-species/900/
901,901,ursaluna,Ursaluna,https://pokeapi.co/api/v2/pokemon-species/901/
902,902,basculegion,Basculegion,https://pokeapi.co/api/v2/pokemon-species/902/
903,903,sneasler,Sneasler,https://pokeapi.co/api/v2/pokemon-species/903/
904,904,overqwil,Overqwil,https://pokeapi.co/api/v2/pokemon-species/904/
979,979,annihilape,Annihilape,https://pokeapi.co/api/v2/pokemon-species/979/
980,980,clodsire,Clodsire,https://pokeapi.co/api/v2/pokemon-species/980/
981,981,farigiraf,Farigiraf,https://pokeapi.co/api/v2/pokemon-species/981/
982,982,dudunsparce,Dudunsparce,https://pokeapi.co/api/v2/pokemon-species/982/
983,983,kingambit,Kingambit,https://pokeapi.co/api/v2/pokemon-species/983/
