pokeapi_id,slug,name_en,name_ru,source_name_en
10,caterpie,Caterpie,Катерпи,Caterpie
11,metapod,Metapod,Метапод,Metapod
12,butterfree,Butterfree,Батерфри,Butterfree
13,weedle,Weedle,Видл,Weedle
14,kakuna,Kakuna,Кокон,Kakuna
15,beedrill,Beedrill,Бидрилла,Beedrill
16,pidgey,Pidgey,Пиджи,Pidgey
17,pidgeotto,Pidgeotto,Пиджеотто,Pidgeotto
18,pidgeot,Pidgeot,Пиджеот,Pidgeot
19,rattata,Rattata,Раттата,Rattata
20,raticate,Raticate,Рэтикейт,Raticate
21,spearow,Spearow,Спироу,Spearow
22,fearow,Fearow,Фироу,Fearow
23,ekans,Ekans,Иканс,Ekans
24,arbok,Arbok,Эрбок,Arbok
25,pikachu,Pikachu,Пикачу,Pikachu
26,raichu,Raichu,Райчу,Raichu
27,sandshrew,Sandshrew,Сендшру,Sandshrew
28,sandslash,Sandslash,Сендслаш,Sandslash
29,nidoran-f,Nidoran F,Нидоран♀,Nidoran♀
30,nidorina,Nidorina,Нидорина,Nidorina
31,nidoqueen,Nidoqueen,Нидоквин,Nidoqueen
32,nidoran-m,Nidoran M,Нидоран♂,Nidoran♂
33,nidorino,Nidorino,Нидорино,Nidorino
34,nidoking,Nidoking,Нидокинг,Nidoking
35,clefairy,Clefairy,Клифейри,Clefairy
36,clefable,Clefable,Клефэйбл,Clefable
37,vulpix,Vulpix,Вульпикс,Vulpix
38,ninetales,Ninetales,Найнтейлс,Ninetales
39,jigglypuff,Jigglypuff,Джигглипуф,Jigglypuff
40,wigglytuff,Wigglytuff,Вигглитуф,Wigglytuff
41,zubat,Zubat,Зубат,Zubat
42,golbat,Golbat,Голбат,Golbat
43,oddish,Oddish,Оддиш,Oddish
44,gloom,Gloom,Глум,Gloom
45,vileplume,Vileplume,Вайлплум,Vileplume
46,paras,Paras,Парас,Paras
47,parasect,Parasect,Парасект,Parasect
48,venonat,Venonat,Венонат,Venonat
49,venomoth,Venomoth,Веномот,Venomoth
50,diglett,Diglett,Диглет,Diglett
51,dugtrio,Dugtrio,Дагтрио,Dugtrio
52,meowth,Meowth,Мяут,Meowth
53,persian,Persian,Перс,Persian
54,psyduck,Psyduck,Псидак,Psyduck
55,golduck,Golduck,Голдак,Golduck
56,mankey,Mankey,Манки,Mankey
57,primeape,Primeape,Примап,Primeape
58,growlithe,Growlithe,Гроулайт,Growlithe
59,arcanine,Arcanine,Арканайн,Arcanine
60,poliwag,Poliwag,Поливаг,Poliwag
61,poliwhirl,Poliwhirl,Поливирл,Poliwhirl
62,poliwrath,Poliwrath,Поливрат,Poliwrath
63,abra,Abra,Абра,Abra
64,kadabra,Kadabra,Кадабра,Kadabra
65,alakazam,Alakazam,Алаказам,Alakazam
66,machop,Machop,Мачоп,Machop
67,machoke,Machoke,Мачок,Machoke
68,machamp,Machamp,Мачемп,Machamp
69,bellsprout,Bellsprout,Белспроут,Bellsprout
70,weepinbell,Weepinbell,Випинбел,Weepinbell
71,victreebel,Victreebel,Виктребел,Victreebel
72,tentacool,Tentacool,Тентакул,Tentacool
73,tentacruel,Tentacruel,Тентакруель,Tentacruel
74,geodude,Geodude,Джиодуд,Geodude
75,graveler,Graveler,Грэвелер,Graveler
76,golem,Golem,Голем,Golem
77,ponyta,Ponyta,Понита,Ponyta
78,rapidash,Rapidash,Рапидаш,Rapidash
79,slowpoke,Slowpoke,Слоупок,Slowpoke
80,slowbro,Slowbro,Слоубро,Slowbro
81,magnemite,Magnemite,Магнемайт,Magnemite
82,magneton,Magneton,Магнетон,Magneton
83,farfetchd,Farfetchd,Фарфечд,Farfetch'd
84,doduo,Doduo,Додуо,Doduo
85,dodrio,Dodrio,Додрио,Dodrio
86,seel,Seel,Сил,Seel
87,dewgong,Dewgong,Дьюгонг,Dewgong
88,grimer,Grimer,Граймер,Grimer
89,muk,Muk,Мак,Muk
90,shellder,Shellder,Шелдер,Shellder
91,cloyster,Cloyster,Клойстер,Cloyster
92,gastly,Gastly,Гастли,Gastly
93,haunter,Haunter,Хонтер,Haunter
94,gengar,Gengar,Генгар,Gengar
95,onix,Onix,Оникс,Onix
96,drowzee,Drowzee,Дроузи,Drowzee
97,hypno,Hypno,Гипно,Hypno
98,krabby,Krabby,Крабби,Krabby
99,kingler,Kingler,Кинглер,Kingler
100,voltorb,Voltorb,Вольторб,Voltorb
101,electrode,Electrode,Электрод,Electrode
102,exeggcute,Exeggcute,Экзегут,Exeggcute
103,exeggutor,Exeggutor,Эксегкутор,Exeggutor
104,cubone,Cubone,Кубон,Cubone
105,marowak,Marowak,Маровак,Marowak
106,hitmonlee,Hitmonlee,Хитмонли,Hitmonlee
107,hitmonchan,Hitmonchan,Хитмончан,Hitmonchan
108,lickitung,Lickitung,Ликитунг,Lickitung
109,koffing,Koffing,Кофинг,Koffing
110,weezing,Weezing,Визинг,Weezing
111,rhyhorn,Rhyhorn,Райхорн,Rhyhorn
112,rhydon,Rhydon,Райдон,Rhydon
113,chansey,Chansey,Ченси,Chansey
114,tangela,Tangela,Тангела,Tangela
115,kangaskhan,Kangaskhan,Кангасхан,Kangaskhan
116,horsea,Horsea,Хорси,Horsea
117,seadra,Seadra,Сидра,Seadra
118,goldeen,Goldeen,Голдин,Goldeen
119,seaking,Seaking,Сикинг,Seaking
120,staryu,Staryu,Старю,Staryu
121,starmie,Starmie,Старми,Starmie
122,mr-mime,Mr Mime,Майм,Mr. Mime
123,scyther,Scyther,Скайтер,Scyther
124,jynx,Jynx,Джинкс,Jynx
125,electabuzz,Electabuzz,Электабуз,Electabuzz
126,magmar,Magmar,Магмар,Magmar
127,pinsir,Pinsir,Пинсир,Pinsir
128,tauros,Tauros,Торос,Tauros
129,magikarp,Magikarp,Маджикарп,Magikarp
130,gyarados,Gyarados,Гайрадос,Gyarados
131,lapras,Lapras,Лапрас,Lapras
132,ditto,Ditto,Дитто,Ditto
133,eevee,Eevee,Эви,Eevee
134,vaporeon,Vaporeon,Вапореон,Vaporeon
135,jolteon,Jolteon,Джолтеон,Jolteon
136,flareon,Flareon,Флареон,Flareon
137,porygon,Porygon,Поригон,Porygon
138,omanyte,Omanyte,Оманайт,Omanyte
139,omastar,Omastar,Омастар,Omastar
140,kabuto,Kabuto,Кабуто,Kabuto
141,kabutops,Kabutops,Кабутопс,Kabutops
142,aerodactyl,Aerodactyl,Аэродактиль,Aerodactyl
143,snorlax,Snorlax,Снорлакс,Snorlax
144,articuno,Articuno,Артикьюно,Articuno
145,zapdos,Zapdos,Запдос,Zapdos
146,moltres,Moltres,Молтрес,Moltres
147,dratini,Dratini,Дратини,Dratini
148,dragonair,Dragonair,Драгонаир,Dragonair
149,dragonite,Dragonite,Драгонайт,Dragonite
150,mewtwo,Mewtwo,Мьюту,Mewtwo
151,mew,Mew,Мью,Mew
152,chikorita,Chikorita,Чикорита,Chikorita
153,bayleef,Bayleef,Бэйлиф,Bayleef
154,meganium,Meganium,Меганиум,Meganium
155,cyndaquil,Cyndaquil,Синдаквил,Cyndaquil
156,quilava,Quilava,Квилава,Quilava
157,typhlosion,Typhlosion,Тифложн,Typhlosion
158,totodile,Totodile,Тотодил,Totodile
159,croconaw,Croconaw,Кроконав,Croconaw
160,feraligatr,Feraligatr,Фералигатор,Feraligatr
161,sentret,Sentret,Сентрет,Sentret
162,furret,Furret,Фуррет,Furret
163,hoothoot,Hoothoot,Хутхут,Hoothoot
164,noctowl,Noctowl,Ноктоул,Noctowl
165,ledyba,Ledyba,Ледиба,Ledyba
166,ledian,Ledian,Ледиан,Ledian
167,spinarak,Spinarak,Спинарак,Spinarak
168,ariados,Ariados,Ариадос,Ariados
169,crobat,Crobat,Кробат,Crobat
170,chinchou,Chinchou,Тинтё,Chinchou
171,lanturn,Lanturn,Лантурн,Lanturn
172,pichu,Pichu,Пичу,Pichu
173,cleffa,Cleffa,Клефа,Cleffa
174,igglybuff,Igglybuff,Игглибуф,Igglybuff
175,togepi,Togepi,Тогэпи,Togepi
176,togetic,Togetic,Тогэтик,Togetic
177,natu,Natu,Нату,Natu
178,xatu,Xatu,Ксату,Xatu
179,mareep,Mareep,Мэрип,Mareep
180,flaaffy,Flaaffy,Флааффи,Flaaffy
181,ampharos,Ampharos,Амфарос,Ampharos
182,bellossom,Bellossom,Белоссом,Bellossom
183,marill,Marill,Мэрил,Marill
184,azumarill,Azumarill,Адзумэрил,Azumarill
185,sudowoodo,Sudowoodo,Судовудо,Sudowoodo
186,politoed,Politoed,Политоид,Politoed
187,hoppip,Hoppip,Хоппип,Hoppip
188,skiploom,Skiploom,Скиплум,Skiploom
189,jumpluff,Jumpluff,Джамплуф,Jumpluff
190,aipom,Aipom,Эйпом,Aipom
191,sunkern,Sunkern,Санкерн,Sunkern
192,sunflora,Sunflora,Санфлора,Sunflora
193,yanma,Yanma,Янма,Yanma
194,wooper,Wooper,Вупер,Wooper
195,quagsire,Quagsire,Квагсайр,Quagsire
196,espeon,Espeon,Эспеон,Espeon
197,umbreon,Umbreon,Умбреон,Umbreon
198,murkrow,Murkrow,Муркроу,Murkrow
199,slowking,Slowking,Слоукинг,Slowking
200,misdreavus,Misdreavus,Мисдривус,Misdreavus
201,unown,Unown,Аноун,Unown
202,wobbuffet,Wobbuffet,Воббуффет,Wobbuffet
203,girafarig,Girafarig,Жирафариж,Girafarig
204,pineco,Pineco,Пинеко,Pineco
205,forretress,Forretress,Форретресс,Forretress
206,dunsparce,Dunsparce,Дунспарс,Dunsparce
207,gligar,Gligar,Глигар,Gligar
208,steelix,Steelix,Стиликс,Steelix
209,snubbull,Snubbull,Снуббуль,Snubbull
210,granbull,Granbull,Гранбуль,Granbull
211,qwilfish,Qwilfish,Квильфиш,Qwilfish
212,scizor,Scizor,Сизор,Scizor
213,shuckle,Shuckle,Шакль,Shuckle
214,heracross,Heracross,Хиракросс,Heracross
215,sneasel,Sneasel,Снизель,Sneasel
216,teddiursa,Teddiursa,Теддиурса,Teddiursa
217,ursaring,Ursaring,Урсаринг,Ursaring
218,slugma,Slugma,Слагма,Slugma
219,magcargo,Magcargo,Магкарго,Magcargo
220,swinub,Swinub,Свинуб,Swinub
221,piloswine,Piloswine,Пилосвайн,Piloswine
222,corsola,Corsola,Корсола,Corsola
223,remoraid,Remoraid,Реморайд,Remoraid
224,octillery,Octillery,Октиллерия,Octillery
225,delibird,Delibird,Делиберд,Delibird
226,mantine,Mantine,Мантин,Mantine
227,skarmory,Skarmory,Скармори,Skarmory
228,houndour,Houndour,Хаундур,Houndour
229,houndoom,Houndoom,Хаундум,Houndoom
230,kingdra,Kingdra,Кингдра,Kingdra
231,phanpy,Phanpy,Фанпи,Phanpy
232,donphan,Donphan,Донфан,Donphan
233,porygon2,Porygon2,Поригон 2,Porygon2
234,stantler,Stantler,Стантлер,Stantler
235,smeargle,Smeargle,Смиргл,Smeargle
236,tyrogue,Tyrogue,Тирог,Tyrogue
237,hitmontop,Hitmontop,Хитмонтоп,Hitmontop
238,smoochum,Smoochum,Смучум,Smoochum
239,elekid,Elekid,Элекид,Elekid
240,magby,Magby,Магби,Magby
241,miltank,Miltank,Милтанк,Miltank
242,blissey,Blissey,Блисси,Blissey
243,raikou,Raikou,Райко,Raikou
244,entei,Entei,Энтей,Entei
245,suicune,Suicune,Суикун,Suicune
246,larvitar,Larvitar,Ларвитар,Larvitar
247,pupitar,Pupitar,Пупитар,Pupitar
248,tyranitar,Tyranitar,Тиранитар,Tyranitar
249,lugia,Lugia,Лугия,Lugia
250,ho-oh,Ho Oh,Хо-о,Ho-Oh
251,celebi,Celebi,Целеби,Celebi
252,treecko,Treecko,Трико,Treecko
253,grovyle,Grovyle,Гровайл,Grovyle
254,sceptile,Sceptile,Септайл,Sceptile
255,torchic,Torchic,Торчик,Torchic
256,combusken,Combusken,Комбаскен,Combusken
257,blaziken,Blaziken,Блейзикен,Blaziken
258,mudkip,Mudkip,Мадкип,Mudkip
259,marshtomp,Marshtomp,Марштомп,Marshtomp
260,swampert,Swampert,Свамперт,Swampert
261,poochyena,Poochyena,Пучиена,Poochyena
262,mightyena,Mightyena,Майтиена,Mightyena
263,zigzagoon,Zigzagoon,Зигзагун,Zigzagoon
264,linoone,Linoone,Лайнун,Linoone
265,wurmple,Wurmple,Вурмпл,Wurmple
266,silcoon,Silcoon,Силкун,Silcoon
267,beautifly,Beautifly,Бьютифлай,Beautifly
268,cascoon,Cascoon,Каскун,Cascoon
269,dustox,Dustox,Дастокс,Dustox
270,lotad,Lotad,Лотад,Lotad
271,lombre,Lombre,Ломбрэ,Lombre
272,ludicolo,Ludicolo,Лудиколо,Ludicolo
273,seedot,Seedot,Сидот,Seedot
274,nuzleaf,Nuzleaf,Назлиф,Nuzleaf
275,shiftry,Shiftry,Шифтри,Shiftry
276,taillow,Taillow,Тэйллоу,Taillow
277,swellow,Swellow,Свеллоу,Swellow
278,wingull,Wingull,Вингалл,Wingull
279,pelipper,Pelipper,Пелиппер,Pelipper
280,ralts,Ralts,Ролтс,Ralts
281,kirlia,Kirlia,Кирлия,Kirlia
282,gardevoir,Gardevoir,Гардевойр,Gardevoir
283,surskit,Surskit,Сурскит,Surskit
284,masquerain,Masquerain,Маскерейн,Masquerain
285,shroomish,Shroomish,Шрумиш,Shroomish
286,breloom,Breloom,Брелум,Breloom
287,slakoth,Slakoth,Слакот,Slakoth
288,vigoroth,Vigoroth,Вигорот,Vigoroth
289,slaking,Slaking,Слакинг,Slaking
290,nincada,Nincada,Нинкада,Nincada
291,ninjask,Ninjask,Нинджаск,Ninjask
292,shedinja,Shedinja,Шединья,Shedinja
293,whismur,Whismur,Визмур,Whismur
294,loudred,Loudred,Лаудред,Loudred
295,exploud,Exploud,Эксплауд,Exploud
296,makuhita,Makuhita,Макухита,Makuhita
297,hariyama,Hariyama,Харияма,Hariyama
298,azurill,Azurill,Азурилл,Azurill
299,nosepass,Nosepass,Ноузпасс,Nosepass
300,skitty,Skitty,Скитти,Skitty
301,delcatty,Delcatty,Делкатти,Delcatty
302,sableye,Sableye,Сэйблай,Sableye
303,mawile,Mawile,Мавайл,Mawile
304,aron,Aron,Арон,Aron
305,lairon,Lairon,Лайрон,Lairon
306,aggron,Aggron,Аггрон,Aggron
307,meditite,Meditite,Медитайт,Meditite
308,medicham,Medicham,Медичам,Medicham
309,electrike,Electrike,Электрайк,Electrike
310,manectric,Manectric,Манектрик,Manectric
311,plusle,Plusle,Пласл,Plusle
312,minun,Minun,Майнун,Minun
313,volbeat,Volbeat,Волбит,Volbeat
314,illumise,Illumise,Иллюмайз,Illumise
315,roselia,Roselia,Розелия,Roselia
316,gulpin,Gulpin,Гальпин,Gulpin
317,swalot,Swalot,Свалот,Swalot
318,carvanha,Carvanha,Карванья,Carvanha
319,sharpedo,Sharpedo,Шарпедо,Sharpedo
320,wailmer,Wailmer,Вэйлмер,Wailmer
321,wailord,Wailord,Вэйлорд,Wailord
322,numel,Numel,Намел,Numel
323,camerupt,Camerupt,Камерапт,Camerupt
324,torkoal,Torkoal,Торкол,Torkoal
325,spoink,Spoink,Споинк,Spoink
326,grumpig,Grumpig,Грампиг,Grumpig
327,spinda,Spinda,Спинда,Spinda
328,trapinch,Trapinch,Трапинч,Trapinch
329,vibrava,Vibrava,Вибрава,Vibrava
330,flygon,Flygon,Флайгон,Flygon
331,cacnea,Cacnea,Какнея,Cacnea
332,cacturne,Cacturne,Кактурн,Cacturne
333,swablu,Swablu,Сваблу,Swablu
334,altaria,Altaria,Алтария,Altaria
335,zangoose,Zangoose,Зангус,Zangoose
336,seviper,Seviper,Севайпер,Seviper
337,lunatone,Lunatone,Лунатон,Lunatone
338,solrock,Solrock,Солрок,Solrock
339,barboach,Barboach,Барбоч,Barboach
340,whiscash,Whiscash,Вискаш,Whiscash
341,corphish,Corphish,Корфиш,Corphish
342,crawdaunt,Crawdaunt,Крадонт,Crawdaunt
343,baltoy,Baltoy,Балтой,Baltoy
344,claydol,Claydol,Клэйдол,Claydol
345,lileep,Lileep,Лилип,Lileep
346,cradily,Cradily,Крадили,Cradily
347,anorith,Anorith,Анорит,Anorith
348,armaldo,Armaldo,Армальдо,Armaldo
349,feebas,Feebas,Фибас,Feebas
350,milotic,Milotic,Майлотик,Milotic
351,castform,Castform,Кастформ,Castform
352,kecleon,Kecleon,Кеклеон,Kecleon
353,shuppet,Shuppet,Шаппет,Shuppet
354,banette,Banette,Банетт,Banette
355,duskull,Duskull,Даскалл,Duskull
356,dusclops,Dusclops,Дасклопс,Dusclops
357,tropius,Tropius,Тропиус,Tropius
358,chimecho,Chimecho,Чаймеко,Chimecho
359,absol,Absol,Абсол,Absol
360,wynaut,Wynaut,Вайнот,Wynaut
361,snorunt,Snorunt,Снорант,Snorunt
362,glalie,Glalie,Глейли,Glalie
363,spheal,Spheal,Сфил,Spheal
364,sealeo,Sealeo,Силео,Sealeo
365,walrein,Walrein,Валрейн,Walrein
366,clamperl,Clamperl,Кламперл,Clamperl
367,huntail,Huntail,Хантейл,Huntail
368,gorebyss,Gorebyss,Горбисс,Gorebyss
369,relicanth,Relicanth,Реликант,Relicanth
370,luvdisc,Luvdisc,Лавдиск,Luvdisc
371,bagon,Bagon,Бейгон,Bagon
372,shelgon,Shelgon,Шелгон,Shelgon
373,salamence,Salamence,Саламенс,Salamence
374,beldum,Beldum,Белдам,Beldum
375,metang,Metang,Метанг,Metang
376,metagross,Metagross,Метагросс,Metagross
377,regirock,Regirock,Реджирок,Regirock
378,regice,Regice,Реджайс,Regice
379,registeel,Registeel,Реджистил,Registeel
380,latias,Latias,Латиас,Latias
381,latios,Latios,Латиос,Latios
382,kyogre,Kyogre,Кайогр,Kyogre
383,groudon,Groudon,Граудон,Groudon
384,rayquaza,Rayquaza,Райкваза,Rayquaza
385,jirachi,Jirachi,Джирачи,Jirachi
386,deoxys,Deoxys,Деоксис,Deoxys
387,turtwig,Turtwig,Тортвиг,Turtwig
388,grotle,Grotle,Гротл,Grotle
389,torterra,Torterra,Тортерра,Torterra
390,chimchar,Chimchar,Чимчар,Chimchar
391,monferno,Monferno,Монферно,Monferno
392,infernape,Infernape,Инфернейп,Infernape
393,piplup,Piplup,Пиплап,Piplup
394,prinplup,Prinplup,Принплап,Prinplup
395,empoleon,Empoleon,Эмполеон,Empoleon
396,starly,Starly,Старли,Starly
397,staravia,Staravia,Старавия,Staravia
398,staraptor,Staraptor,Стараптор,Staraptor
399,bidoof,Bidoof,Бидуф,Bidoof
400,bibarel,Bibarel,Бибарел,Bibarel
401,kricketot,Kricketot,Крикетот,Kricketot
402,kricketune,Kricketune,Крикетун,Kricketune
403,shinx,Shinx,Шинкс,Shinx
404,luxio,Luxio,Лаксио,Luxio
405,luxray,Luxray,Лаксрэй,Luxray
406,budew,Budew,Бадью,Budew
407,roserade,Roserade,Розрейд,Roserade
408,cranidos,Cranidos,Кранидос,Cranidos
409,rampardos,Rampardos,Рэмпардос,Rampardos
410,shieldon,Shieldon,Шилдон,Shieldon
411,bastiodon,Bastiodon,Бастиодон,Bastiodon
412,burmy,Burmy,Бурми,Burmy
413,wormadam,Wormadam,Вормадам,Wormadam
414,mothim,Mothim,Мотим,Mothim
415,combee,Combee,Комби,Combee
416,vespiquen,Vespiquen,Веспиквен,Vespiquen
417,pachirisu,Pachirisu,Пачирису,Pachirisu
418,buizel,Buizel,Буизел,Buizel
419,floatzel,Floatzel,Флоатзель,Floatzel
420,cherubi,Cherubi,Чераби,Cherubi
421,cherrim,Cherrim,Черрим,Cherrim
422,shellos,Shellos,Шеллос,Shellos
423,gastrodon,Gastrodon,Гастродон,Gastrodon
424,ambipom,Ambipom,Амбипом,Ambipom
425,drifloon,Drifloon,Дрифлун,Drifloon
426,drifblim,Drifblim,Дрифблим,Drifblim
427,buneary,Buneary,Бунири,Buneary
428,lopunny,Lopunny,Лопанни,Lopunny
429,mismagius,Mismagius,Мисмагиус,Mismagius
430,honchkrow,Honchkrow,Хончкроу,Honchkrow
431,glameow,Glameow,Глеймяу,Glameow
432,purugly,Purugly,Парагли,Purugly
433,chingling,Chingling,Чинглинг,Chingling
434,stunky,Stunky,Станки,Stunky
435,skuntank,Skuntank,Скантанк,Skuntank
436,bronzor,Bronzor,Бронзор,Bronzor
437,bronzong,Bronzong,Бронзонг,Bronzong
438,bonsly,Bonsly,Бонслай,Bonsly
439,mime-jr,Mime Jr,Майм-Джуниор,Mime Jr.
440,happiny,Happiny,Хаппини,Happiny
441,chatot,Chatot,Чатот,Chatot
442,spiritomb,Spiritomb,Спиритум,Spiritomb
443,gible,Gible,Гибл,Gible
444,gabite,Gabite,Габайт,Gabite
445,garchomp,Garchomp,Гарчомп,Garchomp
446,munchlax,Munchlax,Манчлакс,Munchlax
447,riolu,Riolu,Риолу,Riolu
448,lucario,Lucario,Лукарио,Lucario
449,hippopotas,Hippopotas,Гиппопотас,Hippopotas
450,hippowdon,Hippowdon,Гипподон,Hippowdon
451,skorupi,Skorupi,Скорупи,Skorupi
452,drapion,Drapion,Драпион,Drapion
453,croagunk,Croagunk,Кроганк,Croagunk
454,toxicroak,Toxicroak,Токсикроук,Toxicroak
455,carnivine,Carnivine,Карнивайн,Carnivine
456,finneon,Finneon,Финнеон,Finneon
457,lumineon,Lumineon,Люминеон,Lumineon
458,mantyke,Mantyke,Мантайк,Mantyke
459,snover,Snover,Сноувер,Snover
460,abomasnow,Abomasnow,Абомасноу,Abomasnow
461,weavile,Weavile,Вивайл,Weavile
462,magnezone,Magnezone,Магнезон,Magnezone
463,lickilicky,Lickilicky,Ликилики,Lickilicky
464,rhyperior,Rhyperior,Райпериор,Rhyperior
465,tangrowth,Tangrowth,Тэнгроут,Tangrowth
466,electivire,Electivire,Элективайр,Electivire
467,magmortar,Magmortar,Магмортар,Magmortar
468,togekiss,Togekiss,Тогекисс,Togekiss
469,yanmega,Yanmega,Янмега,Yanmega
470,leafeon,Leafeon,Лифеон,Leafeon
471,glaceon,Glaceon,Глейсеон,Glaceon
472,gliscor,Gliscor,Глайскор,Gliscor
473,mamoswine,Mamoswine,Мамосвайн,Mamoswine
474,porygon-z,Porygon Z,Поригон-Z,Porygon-Z
475,gallade,Gallade,Галлейд,Gallade
476,probopass,Probopass,Пробопасс,Probopass
477,dusknoir,Dusknoir,Даскнуар,Dusknoir
478,froslass,Froslass,Фросласс,Froslass
479,rotom,Rotom,Ротом,Rotom
480,uxie,Uxie,Юкси,Uxie
481,mesprit,Mesprit,Месприт,Mesprit
482,azelf,Azelf,Азелф,Azelf
483,dialga,Dialga,Диалга,Dialga
484,palkia,Palkia,Палкия,Palkia
485,heatran,Heatran,Хитран,Heatran
486,regigigas,Regigigas,Реджигигас,Regigigas
487,giratina,Giratina,Гиратина,Giratina
488,cresselia,Cresselia,Кресселия,Cresselia
489,phione,Phione,Фиона,Phione
490,manaphy,Manaphy,Манафи,Manaphy
491,darkrai,Darkrai,Даркрай,Darkrai
492,shaymin,Shaymin,Шеймин,Shaymin
493,arceus,Arceus,Аркеус,Arceus
494,victini,Victini,Виктини,Victini
495,snivy,Snivy,Снайви,Snivy
496,servine,Servine,Сервайн,Servine
497,serperior,Serperior,Серпериор,Serperior
498,tepig,Tepig,Тепиг,Tepig
499,pignite,Pignite,Пигнайт,Pignite
500,emboar,Emboar,Эмбор,Emboar
501,oshawott,Oshawott,Ошавотт,Oshawott
502,dewott,Dewott,Девотт,Dewott
503,samurott,Samurott,Самуротт,Samurott
504,patrat,Patrat,Патрат,Patrat
505,watchog,Watchog,Уочхог,Watchog
506,lillipup,Lillipup,Лиллипап,Lillipup
507,herdier,Herdier,Хардиер,Herdier
508,stoutland,Stoutland,Стаутлэнд,Stoutland
509,purrloin,Purrloin,Пуррлойн,Purrloin
510,liepard,Liepard,Лайпард,Liepard
511,pansage,Pansage,Пансейдж,Pansage
512,simisage,Simisage,Симисейдж,Simisage
513,pansear,Pansear,Пансир,Pansear
514,simisear,Simisear,Симисир,Simisear
515,panpour,Panpour,Панпур,Panpour
516,simipour,Simipour,Симипур,Simipour
517,munna,Munna,Мунна,Munna
518,musharna,Musharna,Мушарна,Musharna
519,pidove,Pidove,Пидав,Pidove
520,tranquill,Tranquill,Транквилл,Tranquill
521,unfezant,Unfezant,Унфезант,Unfezant
522,blitzle,Blitzle,Блитцл,Blitzle
523,zebstrika,Zebstrika,Зебстрика,Zebstrika
524,roggenrola,Roggenrola,Роггенрола,Roggenrola
525,boldore,Boldore,Болдор,Boldore
526,gigalith,Gigalith,Гигалит,Gigalith
527,woobat,Woobat,Вубат,Woobat
528,swoobat,Swoobat,Свубат,Swoobat
529,drilbur,Drilbur,Дрилбур,Drilbur
530,excadrill,Excadrill,Экскадрилл,Excadrill
531,audino,Audino,Одино,Audino
532,timburr,Timburr,Тимбёрр,Timburr
533,gurdurr,Gurdurr,Гурдурр,Gurdurr
534,conkeldurr,Conkeldurr,Конкельдурр,Conkeldurr
535,tympole,Tympole,Тимпоул,Tympole
536,palpitoad,Palpitoad,Палпитоуд,Palpitoad
537,seismitoad,Seismitoad,Сейсмитоуд,Seismitoad
538,throh,Throh,Трох,Throh
539,sawk,Sawk,Суок,Sawk
540,sewaddle,Sewaddle,Севаддл,Sewaddle
541,swadloon,Swadloon,Свадлун,Swadloon
542,leavanny,Leavanny,Ливанни,Leavanny
543,venipede,Venipede,Венипид,Venipede
544,whirlipede,Whirlipede,Вирлипид,Whirlipede
545,scolipede,Scolipede,Сколипид,Scolipede
546,cottonee,Cottonee,Коттони,Cottonee
547,whimsicott,Whimsicott,Вимсикотт,Whimsicott
548,petilil,Petilil,Петилил,Petilil
549,lilligant,Lilligant,Лиллигант,Lilligant
550,basculin,Basculin,Баскулин,Basculin
551,sandile,Sandile,Сэндайл,Sandile
552,krokorok,Krokorok,Крокорок,Krokorok
553,krookodile,Krookodile,Крукодайл,Krookodile
554,darumaka,Darumaka,Дарумака,Darumaka
555,darmanitan,Darmanitan,Дарманитан,Darmanitan
556,maractus,Maractus,Марактус,Maractus
557,dwebble,Dwebble,Двеббл,Dwebble
558,crustle,Crustle,Крастл,Crustle
559,scraggy,Scraggy,Скрэгги,Scraggy
560,scrafty,Scrafty,Скрафти,Scrafty
561,sigilyph,Sigilyph,Сигилиф,Sigilyph
562,yamask,Yamask,Ямаск,Yamask
563,cofagrigus,Cofagrigus,Кофагригус,Cofagrigus
564,tirtouga,Tirtouga,Тиртуга,Tirtouga
565,carracosta,Carracosta,Карракоста,Carracosta
566,archen,Archen,Аркен,Archen
567,archeops,Archeops,Аркеопс,Archeops
568,trubbish,Trubbish,Траббиш,Trubbish
569,garbodor,Garbodor,Гарбодор,Garbodor
570,zorua,Zorua,Зоруа,Zorua
571,zoroark,Zoroark,Зороарк,Zoroark
572,minccino,Minccino,Минччино,Minccino
573,cinccino,Cinccino,Чинччино,Cinccino
574,gothita,Gothita,Гофита,Gothita
575,gothorita,Gothorita,Гофорита,Gothorita
576,gothitelle,Gothitelle,Гофителль,Gothitelle
577,solosis,Solosis,Солосис,Solosis
578,duosion,Duosion,Дуожн,Duosion
579,reuniclus,Reuniclus,Реюниклюс,Reuniclus
580,ducklett,Ducklett,Даклетт,Ducklett
581,swanna,Swanna,Суанна,Swanna
582,vanillite,Vanillite,Ваниллайт,Vanillite
583,vanillish,Vanillish,Ваниллиш,Vanillish
584,vanilluxe,Vanilluxe,Ваниллюкс,Vanilluxe
585,deerling,Deerling,Дирлинг,Deerling
586,sawsbuck,Sawsbuck,Сосбак,Sawsbuck
587,emolga,Emolga,Эмолга,Emolga
588,karrablast,Karrablast,Каррабласт,Karrablast
589,escavalier,Escavalier,Эскавальер,Escavalier
590,foongus,Foongus,Фунгус,Foongus
591,amoonguss,Amoonguss,Амунгус,Amoonguss
592,frillish,Frillish,Фриллиш,Frillish
593,jellicent,Jellicent,Джеллисент,Jellicent
594,alomomola,Alomomola,Аломомола,Alomomola
595,joltik,Joltik,Джолтик,Joltik
596,galvantula,Galvantula,Галвантула,Galvantula
597,ferroseed,Ferroseed,Ферросид,Ferroseed
598,ferrothorn,Ferrothorn,Ферроторн,Ferrothorn
599,klink,Klink,Клинк,Klink
600,klang,Klang,Кланг,Klang
601,klinklang,Klinklang,Клинкланг,Klinklang
602,tynamo,Tynamo,Тинамо,Tynamo
603,eelektrik,Eelektrik,Электрик,Eelektrik
604,eelektross,Eelektross,Электросс,Eelektross
605,elgyem,Elgyem,Элгием,Elgyem
606,beheeyem,Beheeyem,Бехийем,Beheeyem
607,litwick,Litwick,Литвик,Litwick
608,lampent,Lampent,Лампент,Lampent
609,chandelure,Chandelure,Шанделюр,Chandelure
610,axew,Axew,Эксью,Axew
611,fraxure,Fraxure,Фрэкшур,Fraxure
612,haxorus,Haxorus,Хаксорус,Haxorus
613,cubchoo,Cubchoo,Кабчу,Cubchoo
614,beartic,Beartic,Бертик,Beartic
615,cryogonal,Cryogonal,Криогонал,Cryogonal
616,shelmet,Shelmet,Шелмет,Shelmet
617,accelgor,Accelgor,Акселгор,Accelgor
618,stunfisk,Stunfisk,Станфиск,Stunfisk
619,mienfoo,Mienfoo,Минфу,Mienfoo
620,mienshao,Mienshao,Миншао,Mienshao
621,druddigon,Druddigon,Драддигон,Druddigon
622,golett,Golett,Голетт,Golett
623,golurk,Golurk,Голарк,Golurk
624,pawniard,Pawniard,Поуниард,Pawniard
625,bisharp,Bisharp,Бишарп,Bisharp
626,bouffalant,Bouffalant,Буффалант,Bouffalant
627,rufflet,Rufflet,Раффлет,Rufflet
628,braviary,Braviary,Бревиари,Braviary
629,vullaby,Vullaby,Виллаби,Vullaby
630,mandibuzz,Mandibuzz,Мандибазз,Mandibuzz
631,heatmor,Heatmor,Хитмор,Heatmor
632,durant,Durant,Дюрант,Durant
633,deino,Deino,Дейно,Deino
634,zweilous,Zweilous,Цвайлос,Zweilous
635,hydreigon,Hydreigon,Хайдрайгон,Hydreigon
636,larvesta,Larvesta,Ларвеста,Larvesta
637,volcarona,Volcarona,Волкарона,Volcarona
638,cobalion,Cobalion,Кобалион,Cobalion
639,terrakion,Terrakion,Терракион,Terrakion
640,virizion,Virizion,Вирижион,Virizion
641,tornadus,Tornadus,Торнадус,Tornadus
642,thundurus,Thundurus,Тандурус,Thundurus
643,reshiram,Reshiram,Реширам,Reshiram
644,zekrom,Zekrom,Зекром,Zekrom
645,landorus,Landorus,Ландорус,Landorus
646,kyurem,Kyurem,Курем,Kyurem
647,keldeo,Keldeo,Кельдио,Keldeo
700,sylveon,Sylveon,Сильвеон,Sylveon
862,obstagoon,Obstagoon,Обстагун,Obstagoon
863,perrserker,Perrserker,Перрсеркер,Perrserker
864,cursola,Cursola,Курсола,Cursola
865,sirfetchd,Sirfetchd,Сирфетчд,Sirfetch'd
866,mr-rime,Mr Rime,Мистер Райм,Mr. Rime
867,runerigus,Runerigus,Рунеригус,Runerigus
899,wyrdeer,Wyrdeer,Вирдир,Wyrdeer
900,kleavor,Kleavor,Кливор,Kleavor
901,ursaluna,Ursaluna,Урсалуна,Ursaluna
902,basculegion,Basculegion,Баскулиджен,Basculegion
903,sneasler,Sneasler,Снизлер,Sneasler
904,overqwil,Overqwil,Оверквил,Overqwil
979,annihilape,Annihilape,Аннаялейп,Annihilape
980,clodsire,Clodsire,Клодсайр,Clodsire
981,farigiraf,Farigiraf,Фарижираф,Farigiraf
982,dudunsparce,Dudunsparce,Даданспарс,Dudunsparce
983,kingambit,Kingambit,Кингамбит,Kingambit
